ma_loi,ky_nang_chinh,ma_buoc,mo_ta,dau_hieu_nhan_biet,goi_y_sua,ky_nang_phu,nhom_loi_chung
ERR.DH.01,T12.DH.02,B.DH.DAOHAM,"Tính sai đạo hàm y' (quy tắc thương, tích, hàm hợp, lũy thừa, căn thức)","Dòng ""y' = ..."" không trùng diff(f) khi SymPy rút gọn hiệu; thường sai dấu ở tử của quy tắc thương hoặc quên nhân u' của hàm hợp",Nhắc lại đúng công thức đạo hàm cần dùng (không tính hộ); yêu cầu học sinh tính lại từng phần rồi so với bảng công thức đã kiểm định; sai lặp thì ôn T11.DH.01,T11.DH.01,CONG_THUC_TINH_TOAN
ERR.DH.02,T12.DH.02,B.DH.TXD|B.DH.KETLUAN,"Quên hoặc bỏ qua tập xác định: dùng điểm ngoài TXĐ làm điểm tới hạn/điểm cực trị, hoặc xét dấu y' cả ở phần ngoài TXĐ",Bài không có dòng nêu TXĐ và có điểm/khoảng nêu ra nằm ngoài TXĐ (SymPy: điểm ∉ continuous_domain(f) hoặc khoảng ⊄ TXĐ),Hỏi: 'Hàm số xác định ở đâu? Điểm này có thuộc TXĐ không?'; yêu cầu viết TXĐ thành dòng đầu tiên của lời giải,T10.HS.01,DIEU_KIEN_XAC_DINH
ERR.DH.03,T12.DH.02,B.DH.NGHIEM,"Bỏ sót nghiệm của phương trình y' = 0 (chia hai vế cho biểu thức chứa x, quên một nhân tử)","Tập nghiệm y'=0 của học sinh là tập con thực sự của solveset(f', D); hay gặp nhất là mất x = 0 khi chia cho x",Gợi ý đưa y' về dạng tích rồi cho từng nhân tử bằng 0; nhắc: chỉ được chia cho biểu thức khác 0,,BIEN_DOI_MAT_NGHIEM
ERR.DH.04,T12.DH.02,B.DH.NGHIEM,"Bỏ sót điểm thuộc TXĐ mà y' không xác định (hàm có |u|, căn thức, mẫu của y' triệt tiêu trong TXĐ)",Danh sách điểm tới hạn thiếu điểm thuộc TXĐ \ continuous_domain(f') (ví dụ x = 0 và x = 2 với y = |x² − 2x|),Hỏi: 'Có điểm nào trong TXĐ mà y' không tính được không?'; nhắc cực trị có thể xảy ra tại điểm y' không tồn tại,,DIEU_KIEN_XAC_DINH
ERR.DH.05,T12.DH.03,B.DH.XETDAU,Xét dấu y' sai qua nghiệm kép/nghiệm bội chẵn (đổi dấu máy móc 'đan dấu' qua mọi nghiệm),"Bảng xét dấu đổi dấu tại nghiệm có bội chẵn, ví dụ y' = 4x²(x − 3) mà ghi đổi dấu tại x = 0",Gợi ý xét dấu từng nhân tử; hỏi: 'x² có đổi dấu khi x đi qua 0 không?'; thử một giá trị mỗi bên,,XET_DAU
ERR.DH.06,T12.DH.03,B.DH.XETDAU,"Xét dấu tam thức/đa thức sai (bỏ qua hệ số cao nhất âm, áp quy tắc 'trong trái ngoài cùng' sai)",Dấu học sinh ghi trên một khoảng trái với dấu f' tại điểm thử bất kỳ của khoảng đó; hay gặp khi hệ số cao nhất âm,Yêu cầu thay một giá trị cụ thể trong từng khoảng để kiểm dấu; sai lặp thì ôn T10.DS.01 (dấu tam thức bậc hai),T10.DS.01,XET_DAU
ERR.DH.07,T12.DH.03,B.DH.KETLUAN,Kết luận đơn điệu trên hợp các khoảng hoặc trên khoảng chứa điểm không thuộc TXĐ (vd 'nghịch biến trên (−1;3)' với hàm không xác định tại 1),Dòng kết luận dùng ∪ giữa hai khoảng đơn điệu hoặc khoảng chứa điểm ngoài TXĐ; SymPy: khoảng ⊄ {x ∈ D : f' < 0},Hỏi: 'Hàm có xác định tại mọi điểm của khoảng em viết không?'; nhắc kết luận đơn điệu trên từng khoảng riêng; có thể cho thử f(0) và f(2),T12.DH.02,KI_HIEU_KET_LUAN
ERR.DH.08,T12.DH.01,B.DH.DOCBANG,"Đọc BBT/đồ thị sai: lấy khoảng theo giá trị y (trục tung) thay vì theo x, hoặc đọc ngược dấu/chiều mũi tên",Khoảng học sinh nêu trùng với khoảng giá trị ở hàng y của BBT hoặc tọa độ tung của đồ thị,Hỏi: 'Khoảng đồng biến là khoảng của biến nào?'; chỉ vào hàng x của bảng,,DOC_BIEU_DIEN
ERR.DH.09,T12.DH.01,B.DH.DOCBANG,Nhầm đồ thị/bảng của f' với của f (đọc đơn điệu/cực trị của f từ hình dạng lên xuống của đồ thị f'),Bài cho đồ thị/bảng của f' nhưng kết luận khớp với việc coi đó là đồ thị của f (vd lấy điểm đỉnh của đồ thị f' làm cực trị của f),Hỏi: 'Hình này là đồ thị của hàm nào? Phần đồ thị nằm trên trục hoành cho biết gì về f?',T12.DH.04,DOC_BIEU_DIEN
ERR.DH.10,T12.DH.05,B.DH.KETLUAN,Kết luận có cực trị khi y' không đổi dấu (coi y'(x₀) = 0 là đủ để x₀ là điểm cực trị),Kết luận nêu x₀ là cực trị trong khi dấu f' hai bên x₀ như nhau (SymPy kiểm đổi dấu); ví dụ y = x⁴ − 4x³ + 2 tại x₀ = 0,Hỏi: 'Điều kiện y'(x₀) = 0 đã đủ chưa? Nhớ ví dụ y = x³ tại 0'; yêu cầu nhìn lại dấu y' hai bên x₀,T12.DH.03,HIEU_SAI_DINH_LI
ERR.DH.11,T12.DH.04,B.DH.KETLUAN|B.DH.DOCBANG,"Nhầm điểm cực trị x₀, giá trị cực trị f(x₀) và điểm cực trị của đồ thị (x₀; f(x₀))","Đáp số của học sinh bằng đại lượng khác trong bộ ba (x₀, f(x₀), (x₀; f(x₀))) so với câu hỏi","Yêu cầu đọc lại câu hỏi: đề hỏi 'điểm', 'giá trị' hay 'điểm của đồ thị'; đưa bảng phân biệt ba khái niệm",,HIEU_SAI_KHAI_NIEM
ERR.DH.12,T12.DH.04,B.DH.KETLUAN|B.DH.DOCBANG,Nhầm loại cực trị: gọi cực tiểu là cực đại hoặc ngược lại,Loại cực trị ngược với chiều đổi dấu f' (+ sang − là cực đại; − sang + là cực tiểu),"Hỏi: 'Trước x₀ hàm tăng hay giảm, sau x₀ thì sao? Vậy f(x₀) là lớn nhất hay nhỏ nhất ở gần x₀?'",T12.DH.05,HIEU_SAI_KHAI_NIEM
ERR.DH.13,T12.DH.04,B.DH.KETLUAN|B.DH.DOCBANG,Đồng nhất cực trị (địa phương) với giá trị lớn nhất/nhỏ nhất trên cả tập xác định,Học sinh khẳng định 'giá trị cực đại là giá trị lớn nhất của hàm số' dù BBT có giá trị lớn hơn hoặc hàm dần tới +∞,Hỏi: 'Có điểm nào hàm nhận giá trị lớn hơn giá trị cực đại không?'; nhắc cực trị chỉ so sánh trong một lân cận,,HIEU_SAI_KHAI_NIEM
ERR.DH.14,T12.DH.05,B.DH.KETLUAN,Coi đầu mút của TXĐ/đoạn là điểm cực trị,Kết luận cực trị tại điểm không nằm trong một khoảng mở chứa trong TXĐ (vd x = 0 với y = √(x² − 2x)),Nhắc định nghĩa: điểm cực trị phải nằm trong một khoảng (a;b) chứa trong TXĐ; hỏi 'bên trái điểm này hàm có xác định không?',,HIEU_SAI_DINH_NGHIA
ERR.DH.15,T12.DH.01,B.DH.DAOHAM,"Hàm hợp g(x) = f(u(x)): quên nhân u'(x) khi tính g', hoặc thế sai biến khi xét dấu f'(u)",g' của học sinh thiếu nhân tử u'(x) hoặc xét dấu f'(x) thay vì f'(u(x)),Nhắc quy tắc đạo hàm hàm hợp; hỏi 'f' được tính tại đâu: tại x hay tại u(x)?',T11.DH.01,CONG_THUC_TINH_TOAN
ERR.DH.16,T12.DH.06,B.DH.THULAI,Bài tham số: chỉ dùng điều kiện cần y'(x₀) = 0 mà không thử lại loại cực trị,Đáp số m gồm cả giá trị làm x₀ thành cực trị loại khác hoặc không là cực trị (vd lấy cả m = 1 và m = 3),"Hỏi: 'Với mỗi giá trị m tìm được, x₀ có thật là điểm cực đại không? Em thử lại bằng dấu y'",T12.DH.05,THIEU_THU_LAI
ERR.DH.17,T12.DH.06,B.DH.THAMSO,"Bài tham số: dùng y' > 0 (Δ' < 0) thay cho y' ≥ 0 (Δ' ≤ 0) khi yêu cầu đồng biến trên ℝ, làm mất trường hợp nghiệm kép",Tập m của học sinh thiếu đầu mút ứng với Δ' = 0 (vd m > 3 thay vì m ≥ 3),"Hỏi: 'Nếu y' bằng 0 tại đúng một điểm và dương ở mọi chỗ khác thì hàm có đồng biến không?'; nhắc định lí f' ≥ 0, bằng 0 tại hữu hạn điểm",T10.DS.01,DIEU_KIEN_THAM_SO
ERR.DH.18,T12.DH.06,B.DH.THAMSO,"Bài tham số: quên xét trường hợp hệ số bậc cao nhất chứa tham số bằng 0, hoặc quên loại trường hợp hàm hằng",Tập m thiếu/thừa giá trị làm hệ số bậc cao nhất bằng 0 hoặc làm y' ≡ 0,"Hỏi: 'Có giá trị m nào làm bậc của y' thay đổi, hoặc làm hàm trở thành hằng không?'",,DIEU_KIEN_THAM_SO
ERR.DH.19,T12.DH.07,B.DH.MOHINH,"Bài thực tiễn: không đặt hoặc không dùng điều kiện ràng buộc của biến (giữ nghiệm vô nghĩa thực tế, xét ngoài miền)",Học sinh giữ điểm ngoài miền thực tế (vd x = 15 với hộp cắt từ tấm 30 cm) hoặc không nêu miền của biến,Hỏi: 'Biến này được phép nhận giá trị nào trong thực tế?'; yêu cầu viết miền của biến trước khi tính,,MO_HINH_HOA
ERR.DH.20,T12.DH.07,B.DH.KETLUAN,"Bài thực tiễn: trả lời sai đại lượng được hỏi hoặc không diễn giải kết quả trong ngữ cảnh (đơn vị, ý nghĩa)","Kết luận nêu x khi đề hỏi V (hoặc ngược lại), thiếu đơn vị, hoặc không trả lời câu hỏi thực tế",Yêu cầu đọc lại câu hỏi và viết câu trả lời bằng lời có đơn vị,,MO_HINH_HOA
ERR.DH.21,T12.DH.02,B.DH.NGHIEM,"Giải sai phương trình y' = 0 (nghiệm sai, không phải bỏ sót)",Có nghiệm học sinh nêu không thỏa f'(x) = 0 khi SymPy thay vào,Yêu cầu thay nghiệm vừa tìm vào y' để tự kiểm; nhắc cách giải phương trình bậc hai/phân tích nhân tử,T10.DS.01,CONG_THUC_TINH_TOAN
ERR.DH.22,T12.DH.05,B.DH.GIATRI,"Tính sai giá trị cực trị f(x₀) (thay số sai, thay vào y' thay vì y)",Giá trị học sinh nêu khác f(x₀) (SymPy thay số); trường hợp đặc biệt: giá trị bằng f'(x₀) = 0,"Hỏi: 'Giá trị cực trị là giá trị của hàm nào tại x₀?'; yêu cầu thay lại vào y, không thay vào y'",,CONG_THUC_TINH_TOAN
ERR.DH.23,T12.DH.03,B.DH.XETDAU,"Kết luận đơn điệu/cực trị mà không có bất kỳ lập luận nào về dấu của y' (không bảng xét dấu, không lí lẽ)","Dòng kết luận đến ngay sau dòng giải y' = 0, không có dòng xét dấu hay lí lẽ tương đương; chỉ gắn mã khi hoàn toàn không có lập luận (cách lập luận khác nhưng hợp lệ vẫn được chấp nhận)",Hỏi: 'Vì sao em biết hàm tăng trên khoảng này?'; khuyến khích lập bảng xét dấu hoặc nêu dấu y' trên từng khoảng,,THIEU_LAP_LUAN
